field,n,mae,rmse,bias,corr,actual_range,range_accuracy_pct,persistence_rmse,skill_vs_persistence_pct
z500_m,168,17.015077479011747,29.202863757736186,10.643181255703828,0.8655503109350875,202.0,91.57669431732091,75.42920834128658,61.28440905066235
t850_c,168,1.3141942955263142,2.0419533218201353,-0.5639900467637128,0.6941449940168196,10.3,87.2408320822688,4.057918863031358,49.67978930227428
wind850_ms,168,2.0009166187484055,2.412309963065297,-1.5229705644943894,0.40027672869805214,8.222222222222221,75.66452760981669,2.3729731627138757,-1.6577010212131205
