field,n,mae,rmse,bias,corr,actual_range,range_accuracy_pct,persistence_rmse,skill_vs_persistence_pct
z500_m,196,16.521982548143264,27.878739351640593,9.024848094606272,0.8838582620914286,202.0,91.82080071874095,77.69210996439894,64.11638277758766
t850_c,196,1.275071109451302,1.9721537084922152,-0.5198720783619245,0.7236449551197741,10.3,87.62066884027863,3.971009942558603,50.33621831675607
wind850_ms,196,1.9894225383805901,2.3774222297667853,-1.4812224086762398,0.421701366025211,8.222222222222221,75.80432047915498,2.33418798385222,-1.852217825370417
