field,n,mae,rmse,bias,corr,actual_range,range_accuracy_pct,persistence_rmse,skill_vs_persistence_pct
z500_m,84,21.56959525319017,37.67148561310842,17.53611295506745,0.6210166171549628,162.0,86.68543502889496,66.83977642904007,43.63912085627326
t850_c,84,1.0744928890020806,1.5473612191290669,-0.17494562443837594,0.7907221059960655,10.3,89.56803020386329,4.932314437412266,68.62809054929417
wind850_ms,84,1.844251089658468,2.3183369403434315,-1.4396822036486607,0.3614046499909719,8.222222222222221,77.56991917982944,2.1591633674076203,-7.372002292115654
